index,Category,Event,File,sort_cat,pred
943,Nature,Crickets,Nature/7UW.wav,943,Nature
877,Music,Piano and Keys,Music/W7O.wav,877,Music
1267,Urban,Chainsaw,Urban/XS0.wav,1267,Urban
333,Human,Brushing teeth,Human/E1J.wav,333,Human
278,Effects,Whoosh,Effects/FLJ.wav,278,Effects
458,Human,Drinking,Human/ZIF.wav,458,Human
401,Human,Crowd,Human/Z3C.wav,401,Human
1391,Urban,Helicopter,Urban/UCW.wav,1391,Urban
40,Effects,Boing,Effects/DGR.wav,40,Effects
260,Effects,Thud,Effects/NH4.wav,260,Effects
58,Effects,Boing,Effects/NJR.wav,58,Effects
897,Music,Woodwind,Music/1FD.wav,897,Music
1317,Urban,Engine,Urban/BWX.wav,1317,Urban
681,Music,Brass,Music/WTA.wav,681,Effects
124,Effects,Ding,Effects/0M8.wav,124,Effects
1253,Urban,Chainsaw,Urban/SZ5.wav,1253,Urban
309,Human,Breathing,Human/OG0.wav,309,Urban
1482,Urban,Wood creaks,Urban/KEM.wav,1482,Urban
353,Human,Clapping,Human/R1X.wav,353,Human
14,Effects,Beep,Effects/K3B.wav,14,Effects
227,Effects,Slap,Effects/YI3.wav,227,Effects
798,Music,Guitar,Music/DUT.wav,798,Music
412,Human,Crying baby,Human/6DK.wav,412,Human
1029,Nature,Hen,Nature/C4W.wav,1029,Nature
1110,Nature,Sea waves,Nature/3XI.wav,1110,Nature
937,Nature,Cow,Nature/CLR.wav,937,Nature
1093,Nature,Rooster,Nature/GQJ.wav,1093,Nature
580,Human,Snoring,Human/UZ2.wav,580,Nature
906,Nature,Birds,Nature/J8B.wav,906,Nature
529,Human,Laughing,Human/264.wav,529,Nature
1264,Urban,Chainsaw,Urban/WCY.wav,1264,Urban
473,Human,Footsteps,Human/5V7.wav,473,Human
29,Effects,Boing,Effects/L4R.wav,29,Effects
688,Music,Brass,Music/TV6.wav,688,Music
1263,Urban,Chainsaw,Urban/P59.wav,1263,Urban
985,Nature,Dog,Nature/KLF.wav,985,Nature
55,Effects,Boing,Effects/NHM.wav,55,Effects
1165,Nature,Water,Nature/5ZO.wav,1165,Nature
517,Human,Laughing,Human/CJU.wav,517,Human
665,Music,Brass,Music/A9C.wav,665,Music
785,Music,Guitar,Music/P25.wav,785,Effects
619,Music,Bass,Music/X2C.wav,619,Music
742,Music,Drums,Music/1JI.wav,742,Music
692,Music,Church bells,Music/HYS.wav,692,Effects
546,Human,Sneezing,Human/LK5.wav,546,Nature
1346,Urban,Glass breaking,Urban/VLR.wav,1346,Effects
211,Effects,Magic,Effects/3YK.wav,211,Effects
992,Nature,Fire,Nature/7FV.wav,992,Nature
520,Human,Laughing,Human/6IK.wav,520,Human
1323,Urban,Engine,Urban/ZRT.wav,1323,Urban
317,Human,Breathing,Human/GMC.wav,317,Human
1,Effects,Beep,Effects/RTS.wav,1,Effects
198,Effects,Magic,Effects/ZR6.wav,198,Effects
1000,Nature,Fire,Nature/5KZ.wav,1000,Nature
918,Nature,Cat,Nature/HOD.wav,918,Nature
1125,Nature,Sheep,Nature/CPF.wav,1125,Nature
47,Effects,Boing,Effects/483.wav,47,Music
354,Human,Clapping,Human/7DV.wav,354,Effects
1090,Nature,Rooster,Nature/HDG.wav,1090,Nature
1223,Urban,Can opening,Urban/C29.wav,1223,Urban
1296,Urban,Clock tick,Urban/65L.wav,1296,Urban
881,Music,Strings,Music/WCH.wav,881,Music
152,Effects,Jump,Effects/3S7.wav,152,Human
638,Music,Bass,Music/07W.wav,638,Music
142,Effects,Hit,Effects/AOD.wav,142,Urban
1390,Urban,Helicopter,Urban/ULO.wav,1390,Urban
1362,Urban,Hand saw,Urban/028.wav,1362,Urban
186,Effects,Kick,Effects/J8S.wav,186,Effects
61,Effects,Boing,Effects/63J.wav,61,Effects
184,Effects,Kick,Effects/MVR.wav,184,Effects
452,Human,Drinking,Human/NGI.wav,452,Human
1049,Nature,Insects,Nature/4U8.wav,1049,Nature
299,Effects,Whoosh,Effects/BGE.wav,299,Effects
579,Human,Snoring,Human/K5F.wav,579,Nature
1199,Nature,Wind,Nature/IYU.wav,1199,Nature
682,Music,Brass,Music/ZPK.wav,682,Effects
1493,Urban,Wood creaks,Urban/FHA.wav,1493,Urban
977,Nature,Dog,Nature/WVX.wav,977,Nature
1417,Urban,Toilet flush,Urban/QRL.wav,1417,Urban
527,Human,Laughing,Human/84O.wav,527,Nature
1492,Urban,Wood creaks,Urban/Z4D.wav,1492,Urban
1164,Nature,Water,Nature/TVE.wav,1164,Nature
842,Music,Guitar,Music/63R.wav,842,Music
202,Effects,Magic,Effects/Z94.wav,202,Effects
801,Music,Guitar,Music/CH9.wav,801,Music
249,Effects,Smash,Effects/LHO.wav,249,Effects
82,Effects,Cartoon,Effects/IPJ.wav,82,Effects
563,Human,Sneezing,Human/LZF.wav,563,Human
526,Human,Laughing,Human/8YF.wav,526,Human
446,Human,Drinking,Human/R8P.wav,446,Human
1387,Urban,Helicopter,Urban/KN7.wav,1387,Urban
1157,Nature,Water,Nature/KT4.wav,1157,Nature
1439,Urban,Train,Urban/TOJ.wav,1439,Urban
420,Human,Crying baby,Human/Y7B.wav,420,Human
295,Effects,Whoosh,Effects/2TK.wav,295,Effects
1096,Nature,Sea waves,Nature/34S.wav,1096,Nature
711,Music,Didgeridoo,Music/PBN.wav,711,Nature
646,Music,Bass,Music/A5K.wav,646,Music
1182,Nature,Wind,Nature/3WY.wav,1182,Nature
114,Effects,Ding,Effects/7WO.wav,114,Effects
191,Effects,Laser,Effects/CQ3.wav,191,Urban
861,Music,Piano and Keys,Music/0BZ.wav,861,Music
1429,Urban,Train,Urban/GKS.wav,1429,Urban
667,Music,Brass,Music/MQK.wav,667,Music
1145,Nature,Thunderstorm,Nature/BMZ.wav,1145,Nature
479,Human,Footsteps,Human/AE7.wav,479,Human
1180,Nature,Water,Nature/ATL.wav,1180,Urban
156,Effects,Keyboard typing,Effects/OL8.wav,156,Effects
426,Human,Crying baby,Human/4HY.wav,426,Nature
89,Effects,Click,Effects/EFW.wav,89,Urban
268,Effects,Whoosh,Effects/SNR.wav,268,Effects
924,Nature,Cat,Nature/2E3.wav,924,Nature
1397,Urban,Siren,Urban/I2R.wav,1397,Urban
670,Music,Brass,Music/H7T.wav,670,Music
1140,Nature,Thunderstorm,Nature/CGI.wav,1140,Nature
982,Nature,Dog,Nature/ONL.wav,982,Nature
1335,Urban,Fireworks,Urban/DU5.wav,1335,Urban
1109,Nature,Sea waves,Nature/QI0.wav,1109,Nature
1389,Urban,Helicopter,Urban/JR0.wav,1389,Urban
1136,Nature,Thunderstorm,Nature/8DI.wav,1136,Nature
440,Human,Crying baby,Human/HAL.wav,440,Nature
2,Effects,Beep,Effects/NUO.wav,2,Urban
530,Human,Laughing,Human/E6R.wav,530,Human
8,Effects,Beep,Effects/IMG.wav,8,Urban
456,Human,Drinking,Human/7D4.wav,456,Human
432,Human,Crying baby,Human/S3R.wav,432,Human
615,Music,Bass,Music/7PG.wav,615,Music
436,Human,Crying baby,Human/0CY.wav,436,Human
689,Music,Cello,Music/L1C.wav,689,Music
968,Nature,Crow,Nature/TDV.wav,968,Nature
892,Music,Ukelele,Music/UD1.wav,892,Music
1057,Nature,Pig,Nature/P78.wav,1057,Nature
720,Music,Drums,Music/OLI.wav,720,Music
408,Human,Crowd,Human/N3B.wav,408,Human
253,Effects,Squeak,Effects/GC4.wav,253,Human
1321,Urban,Engine,Urban/PLQ.wav,1321,Nature
113,Effects,Ding,Effects/D6H.wav,113,Effects
539,Human,Running,Human/2X9.wav,539,Nature
666,Music,Brass,Music/K4O.wav,666,Effects
1146,Nature,Thunderstorm,Nature/VA4.wav,1146,Nature
467,Human,Drinking,Human/07M.wav,467,Human
411,Human,Crying baby,Human/6CD.wav,411,Nature
175,Effects,Keyboard typing,Effects/BIH.wav,175,Effects
844,Music,Guitar,Music/K7Q.wav,844,Music
308,Human,Breathing,Human/DZ3.wav,308,Nature
1265,Urban,Chainsaw,Urban/WZQ.wav,1265,Urban
1054,Nature,Pig,Nature/H4X.wav,1054,Urban
1262,Urban,Chainsaw,Urban/TN8.wav,1262,Nature
491,Human,Footsteps,Human/06X.wav,491,Effects
708,Music,Didgeridoo,Music/1F6.wav,708,Urban
536,Human,Running,Human/SHK.wav,536,Human
1069,Nature,Rain,Nature/KJ5.wav,1069,Nature
1151,Nature,Water,Nature/QO9.wav,1151,Nature
1499,Urban,cigarette lighter,Urban/3PK.wav,1499,Effects
1196,Nature,Wind,Nature/7OU.wav,1196,Nature
231,Effects,Slap,Effects/PO4.wav,231,Effects
1084,Nature,Rooster,Nature/YIX.wav,1084,Nature
92,Effects,Click,Effects/QUG.wav,92,Effects
254,Effects,Squeak,Effects/N4R.wav,254,Human
938,Nature,Cow,Nature/059.wav,938,Nature
574,Human,Snoring,Human/PZG.wav,574,Nature
461,Human,Drinking,Human/WV0.wav,461,Nature
1357,Urban,Glass breaking,Urban/6XL.wav,1357,Effects
757,Music,Drums,Music/93T.wav,757,Music
182,Effects,Kick,Effects/PDC.wav,182,Effects
1055,Nature,Pig,Nature/ZSY.wav,1055,Nature
85,Effects,Cartoon,Effects/0W9.wav,85,Effects
279,Effects,Whoosh,Effects/TBF.wav,279,Effects
512,Human,Laughing,Human/MVP.wav,512,Human
746,Music,Drums,Music/KNU.wav,746,Music
781,Music,Guitar,Music/XJO.wav,781,Music
1375,Urban,Hand saw,Urban/QA6.wav,1375,Urban
1095,Nature,Rooster,Nature/LQS.wav,1095,Nature
45,Effects,Boing,Effects/16B.wav,45,Nature
516,Human,Laughing,Human/BW0.wav,516,Human
726,Music,Drums,Music/F7W.wav,726,Music
483,Human,Footsteps,Human/Y6U.wav,483,Human
18,Effects,Beep,Effects/ALK.wav,18,Effects
648,Music,Bass,Music/ESO.wav,648,Music
1308,Urban,Door knock,Urban/SRH.wav,1308,Urban
414,Human,Crying baby,Human/4PM.wav,414,Human
1135,Nature,Thunderstorm,Nature/SRD.wav,1135,Nature
824,Music,Guitar,Music/D1K.wav,824,Music
259,Effects,Thud,Effects/PJF.wav,259,Effects
1489,Urban,Wood creaks,Urban/N73.wav,1489,Urban
319,Human,Breathing,Human/FAT.wav,319,Human
52,Effects,Boing,Effects/7XP.wav,52,Effects
1406,Urban,Siren,Urban/6XT.wav,1406,Urban
632,Music,Bass,Music/QIY.wav,632,Music
347,Human,Clapping,Human/M4P.wav,347,Urban
1003,Nature,Fire,Nature/LDH.wav,1003,Nature
1348,Urban,Glass breaking,Urban/4Y5.wav,1348,Effects
1126,Nature,Sheep,Nature/RV9.wav,1126,Nature
1352,Urban,Glass breaking,Urban/T5D.wav,1352,Urban
443,Human,Drinking,Human/3D9.wav,443,Human
587,Human,Snoring,Human/64T.wav,587,Nature
1237,Urban,Car horn,Urban/G0E.wav,1237,Music
445,Human,Drinking,Human/X9E.wav,445,Human
1192,Nature,Wind,Nature/I0B.wav,1192,Nature
748,Music,Drums,Music/RY9.wav,748,Music
1297,Urban,Clock tick,Urban/JVQ.wav,1297,Urban
899,Music,Woodwind,Music/G6I.wav,899,Effects
1186,Nature,Wind,Nature/UR0.wav,1186,Nature
1441,Urban,Train,Urban/OSG.wav,1441,Urban
1404,Urban,Siren,Urban/PIU.wav,1404,Urban
1220,Urban,Can opening,Urban/D63.wav,1220,Nature
1347,Urban,Glass breaking,Urban/E4K.wav,1347,Urban
1018,Nature,Frog,Nature/DUP.wav,1018,Nature
1116,Nature,Sheep,Nature/FXG.wav,1116,Nature
511,Human,Laughing,Human/2XU.wav,511,Human
1211,Urban,Airplane,Urban/A58.wav,1211,Urban
927,Nature,Cat,Nature/5PB.wav,927,Nature
538,Human,Running,Human/8KL.wav,538,Human
840,Music,Guitar,Music/SUZ.wav,840,Music
178,Effects,Keyboard typing,Effects/HSB.wav,178,Effects
1052,Nature,Pig,Nature/HMO.wav,1052,Urban
713,Music,Drums,Music/2HS.wav,713,Music
1129,Nature,Sheep,Nature/12U.wav,1129,Nature
315,Human,Breathing,Human/8JN.wav,315,Human
54,Effects,Boing,Effects/N9T.wav,54,Human
930,Nature,Cat,Nature/YZT.wav,930,Nature
1428,Urban,Train,Urban/DV4.wav,1428,Urban
971,Nature,Crow,Nature/KDL.wav,971,Nature
1416,Urban,Toilet flush,Urban/W24.wav,1416,Urban
618,Music,Bass,Music/13K.wav,618,Music
56,Effects,Boing,Effects/2V3.wav,56,Effects
1101,Nature,Sea waves,Nature/X7M.wav,1101,Nature
883,Music,Strings,Music/VWM.wav,883,Music
898,Music,Woodwind,Music/H2P.wav,898,Music
831,Music,Guitar,Music/NB9.wav,831,Music
1496,Urban,Wood creaks,Urban/IK7.wav,1496,Urban
31,Effects,Boing,Effects/B8Q.wav,31,Effects
1083,Nature,Rooster,Nature/9AK.wav,1083,Nature
326,Human,Brushing teeth,Human/218.wav,326,Human
1442,Urban,Vacuum cleaner,Urban/2XE.wav,1442,Urban
771,Music,Drums,Music/U85.wav,771,Urban
501,Human,Kiss,Human/KYE.wav,501,Effects
187,Effects,Laser,Effects/14M.wav,187,Effects
1149,Nature,Thunderstorm,Nature/GBF.wav,1149,Nature
471,Human,Footsteps,Human/4O5.wav,471,Human
558,Human,Sneezing,Human/IHJ.wav,558,Human
1339,Urban,Fireworks,Urban/Z9H.wav,1339,Urban
381,Human,Coughing,Human/QK3.wav,381,Human
1282,Urban,Clock alarm,Urban/L4S.wav,1282,Urban
1445,Urban,Vacuum cleaner,Urban/1PY.wav,1445,Urban
9,Effects,Beep,Effects/07L.wav,9,Effects
1256,Urban,Chainsaw,Urban/PRQ.wav,1256,Urban
303,Human,Breathing,Human/QXV.wav,303,Human
270,Effects,Whoosh,Effects/G3I.wav,270,Effects
1036,Nature,Insects,Nature/PYC.wav,1036,Nature
1443,Urban,Vacuum cleaner,Urban/LDZ.wav,1443,Urban
934,Nature,Cow,Nature/QKA.wav,934,Nature
1174,Nature,Water,Nature/QRG.wav,1174,Nature
75,Effects,Cartoon,Effects/TQC.wav,75,Effects
655,Music,Bass,Music/O6G.wav,655,Music
1313,Urban,Door knock,Urban/TVA.wav,1313,Urban
422,Human,Crying baby,Human/8YD.wav,422,Human
140,Effects,Hit,Effects/FW6.wav,140,Effects
465,Human,Drinking,Human/51J.wav,465,Human
1280,Urban,Clock alarm,Urban/1I7.wav,1280,Urban
810,Music,Guitar,Music/QH4.wav,810,Music
581,Human,Snoring,Human/GOK.wav,581,Urban
489,Human,Footsteps,Human/JC5.wav,489,Human
1154,Nature,Water,Nature/V13.wav,1154,Nature
481,Human,Footsteps,Human/HLA.wav,481,Effects
601,Music,Banjo,Music/BJF.wav,601,Music
360,Human,Clapping,Human/E0P.wav,360,Human
554,Human,Sneezing,Human/9JK.wav,554,Effects
997,Nature,Fire,Nature/N1V.wav,997,Nature
1087,Nature,Rooster,Nature/T6B.wav,1087,Nature
904,Nature,Birds,Nature/N61.wav,904,Nature
1105,Nature,Sea waves,Nature/AER.wav,1105,Nature
4,Effects,Beep,Effects/SB2.wav,4,Music
1398,Urban,Siren,Urban/PSM.wav,1398,Urban
442,Human,Drinking,Human/47Z.wav,442,Human
724,Music,Drums,Music/KXN.wav,724,Music
920,Nature,Cat,Nature/M1D.wav,920,Nature
1351,Urban,Glass breaking,Urban/OCE.wav,1351,Urban
725,Music,Drums,Music/LF2.wav,725,Music
621,Music,Bass,Music/YBP.wav,621,Music
923,Nature,Cat,Nature/G3J.wav,923,Nature
567,Human,Sneezing,Human/LG7.wav,567,Human
390,Human,Coughing,Human/TVQ.wav,390,Human
1202,Urban,Airplane,Urban/FLQ.wav,1202,Urban
936,Nature,Cow,Nature/S5T.wav,936,Urban
241,Effects,Slap,Effects/9H6.wav,241,Effects
247,Effects,Smash,Effects/BJD.wav,247,Nature
1058,Nature,Pig,Nature/LA5.wav,1058,Nature
393,Human,Coughing,Human/7SV.wav,393,Human
989,Nature,Dog,Nature/JLZ.wav,989,Nature
871,Music,Piano and Keys,Music/RJA.wav,871,Music
649,Music,Bass,Music/D3F.wav,649,Music
513,Human,Laughing,Human/D7G.wav,513,Nature
672,Music,Brass,Music/IZF.wav,672,Music
915,Nature,Birds,Nature/GHS.wav,915,Nature
590,Human,Snoring,Human/YFL.wav,590,Human
695,Music,Church bells,Music/IYL.wav,695,Music
644,Music,Bass,Music/QK6.wav,644,Music
298,Effects,Whoosh,Effects/PCT.wav,298,Effects
434,Human,Crying baby,Human/RD2.wav,434,Human
1467,Urban,Washing machine,Urban/7T1.wav,1467,Urban
1324,Urban,Engine,Urban/VTG.wav,1324,Urban
1239,Urban,Car horn,Urban/KO1.wav,1239,Effects
1307,Urban,Door knock,Urban/ELK.wav,1307,Effects
1175,Nature,Water,Nature/K0V.wav,1175,Nature
1276,Urban,Clock alarm,Urban/VE5.wav,1276,Urban
1421,Urban,Toilet flush,Urban/V7J.wav,1421,Nature
1210,Urban,Airplane,Urban/AG1.wav,1210,Nature
1394,Urban,Helicopter,Urban/6JT.wav,1394,Urban
107,Effects,Ding,Effects/GT3.wav,107,Effects
820,Music,Guitar,Music/RMO.wav,820,Music
487,Human,Footsteps,Human/IF8.wav,487,Human
818,Music,Guitar,Music/HRB.wav,818,Music
993,Nature,Fire,Nature/N2T.wav,993,Nature
578,Human,Snoring,Human/B35.wav,578,Human
1137,Nature,Thunderstorm,Nature/P5K.wav,1137,Nature
1235,Urban,Car horn,Urban/U4F.wav,1235,Urban
1361,Urban,Hand saw,Urban/81X.wav,1361,Urban
565,Human,Sneezing,Human/31O.wav,565,Human
364,Human,Clapping,Human/NUC.wav,364,Human
1322,Urban,Engine,Urban/NBW.wav,1322,Urban
1425,Urban,Train,Urban/LIQ.wav,1425,Urban
946,Nature,Crickets,Nature/GOH.wav,946,Nature
610,Music,Bass,Music/XUA.wav,610,Music
362,Human,Clapping,Human/94Q.wav,362,Human
794,Music,Guitar,Music/6BE.wav,794,Music
1377,Urban,Hand saw,Urban/1W9.wav,1377,Urban
330,Human,Brushing teeth,Human/241.wav,330,Urban
970,Nature,Crow,Nature/0H2.wav,970,Nature
721,Music,Drums,Music/RD8.wav,721,Music
1379,Urban,Helicopter,Urban/Y0Q.wav,1379,Urban
1247,Urban,Car horn,Urban/A84.wav,1247,Urban
66,Effects,Cartoon,Effects/39L.wav,66,Effects
1372,Urban,Hand saw,Urban/O7U.wav,1372,Urban
435,Human,Crying baby,Human/YJG.wav,435,Urban
22,Effects,Boing,Effects/1WZ.wav,22,Nature
80,Effects,Cartoon,Effects/WVT.wav,80,Effects
811,Music,Guitar,Music/OX6.wav,811,Music
1108,Nature,Sea waves,Nature/TSH.wav,1108,Nature
1451,Urban,Vacuum cleaner,Urban/YRO.wav,1451,Urban
569,Human,Sneezing,Human/HL8.wav,569,Human
464,Human,Drinking,Human/WP4.wav,464,Urban
981,Nature,Dog,Nature/VU1.wav,981,Nature
302,Human,Breathing,Human/J1Y.wav,302,Human
1026,Nature,Hen,Nature/JPA.wav,1026,Nature
1092,Nature,Rooster,Nature/YAL.wav,1092,Nature
542,Human,Scream,Human/C5K.wav,542,Effects
1337,Urban,Fireworks,Urban/OJP.wav,1337,Urban
912,Nature,Birds,Nature/ICB.wav,912,Nature
477,Human,Footsteps,Human/3SX.wav,477,Human
1459,Urban,Vacuum cleaner,Urban/4JY.wav,1459,Urban
215,Effects,Pop,Effects/2AF.wav,215,Effects
1440,Urban,Train,Urban/FBE.wav,1440,Urban
891,Music,Ukelele,Music/29G.wav,891,Music
310,Human,Breathing,Human/FXU.wav,310,Human
722,Music,Drums,Music/X4O.wav,722,Music
1497,Urban,Wood creaks,Urban/HZ2.wav,1497,Urban
893,Music,Violin,Music/L05.wav,893,Music
376,Human,Coughing,Human/YUC.wav,376,Effects
980,Nature,Dog,Nature/4WN.wav,980,Effects
678,Music,Brass,Music/XMT.wav,678,Music
96,Effects,Click,Effects/OEA.wav,96,Effects
1086,Nature,Rooster,Nature/0DT.wav,1086,Nature
629,Music,Bass,Music/ILR.wav,629,Music
219,Effects,Pop,Effects/6RL.wav,219,Effects
1411,Urban,Siren,Urban/UTO.wav,1411,Urban
1205,Urban,Airplane,Urban/2HF.wav,1205,Nature
1415,Urban,Toilet flush,Urban/OQ8.wav,1415,Urban
979,Nature,Dog,Nature/XYN.wav,979,Nature
1355,Urban,Glass breaking,Urban/4SF.wav,1355,Effects
1115,Nature,Sheep,Nature/E18.wav,1115,Nature
1184,Nature,Wind,Nature/76L.wav,1184,Nature
1426,Urban,Train,Urban/EW1.wav,1426,Urban
1424,Urban,Train,Urban/SUQ.wav,1424,Urban
1197,Nature,Wind,Nature/8QW.wav,1197,Nature
1120,Nature,Sheep,Nature/NDG.wav,1120,Nature
474,Human,Footsteps,Human/NOX.wav,474,Human
1386,Urban,Helicopter,Urban/GHQ.wav,1386,Urban
676,Music,Brass,Music/VPJ.wav,676,Music
438,Human,Crying baby,Human/DB1.wav,438,Human
1490,Urban,Wood creaks,Urban/FUR.wav,1490,Urban
1100,Nature,Sea waves,Nature/U8Q.wav,1100,Nature
1063,Nature,Pig,Nature/PE5.wav,1063,Nature
609,Music,Bass,Music/RUJ.wav,609,Music
506,Human,Laughing,Human/RMT.wav,506,Nature
887,Music,TinWhistle,Music/L4G.wav,887,Music
597,Human,Snoring,Human/BJZ.wav,597,Effects
907,Nature,Birds,Nature/WNE.wav,907,Nature
312,Human,Breathing,Human/NB0.wav,312,Human
1350,Urban,Glass breaking,Urban/UYJ.wav,1350,Effects
583,Human,Snoring,Human/UEL.wav,583,Urban
863,Music,Piano and Keys,Music/SVY.wav,863,Music
795,Music,Guitar,Music/JAR.wav,795,Music
342,Human,Brushing teeth,Human/3HK.wav,342,Human
224,Effects,Pop,Effects/CUY.wav,224,Urban
148,Effects,Jump,Effects/QIF.wav,148,Effects
34,Effects,Boing,Effects/UFY.wav,34,Effects
787,Music,Guitar,Music/ONV.wav,787,Music
828,Music,Guitar,Music/CE5.wav,828,Music
220,Effects,Pop,Effects/BGN.wav,220,Effects
251,Effects,Smash,Effects/DJ6.wav,251,Effects
1331,Urban,Engine,Urban/7DG.wav,1331,Urban
674,Music,Brass,Music/JD1.wav,674,Music
141,Effects,Hit,Effects/L5S.wav,141,Nature
1465,Urban,Washing machine,Urban/9GM.wav,1465,Urban
223,Effects,Pop,Effects/5MN.wav,223,Effects
1469,Urban,Washing machine,Urban/89K.wav,1469,Urban
944,Nature,Crickets,Nature/A2U.wav,944,Nature
482,Human,Footsteps,Human/LAG.wav,482,Effects
218,Effects,Pop,Effects/S5Q.wav,218,Urban
39,Effects,Boing,Effects/OGP.wav,39,Effects
1061,Nature,Pig,Nature/VN6.wav,1061,Nature
1064,Nature,Rain,Nature/QXK.wav,1064,Nature
685,Music,Brass,Music/XAQ.wav,685,Music
1259,Urban,Chainsaw,Urban/1G4.wav,1259,Urban
704,Music,Church bells,Music/6C0.wav,704,Music
1356,Urban,Glass breaking,Urban/A7L.wav,1356,Urban
838,Music,Guitar,Music/VJ4.wav,838,Music
1457,Urban,Vacuum cleaner,Urban/7TI.wav,1457,Urban
159,Effects,Keyboard typing,Effects/2T3.wav,159,Effects
634,Music,Bass,Music/O6B.wav,634,Music
535,Human,Running,Human/RSH.wav,535,Human
1074,Nature,Rain,Nature/0UV.wav,1074,Nature
108,Effects,Ding,Effects/6QN.wav,108,Music
425,Human,Crying baby,Human/9TD.wav,425,Nature
986,Nature,Dog,Nature/8IT.wav,986,Nature
987,Nature,Dog,Nature/5QT.wav,987,Nature
27,Effects,Boing,Effects/Z3J.wav,27,Effects
620,Music,Bass,Music/X50.wav,620,Music
1045,Nature,Insects,Nature/VL1.wav,1045,Nature
204,Effects,Magic,Effects/XLO.wav,204,Effects
19,Effects,Beep,Effects/2L6.wav,19,Effects
53,Effects,Boing,Effects/6C3.wav,53,Effects
161,Effects,Keyboard typing,Effects/BPK.wav,161,Effects
1286,Urban,Clock tick,Urban/T3E.wav,1286,Urban
122,Effects,Ding,Effects/8PW.wav,122,Effects
1147,Nature,Thunderstorm,Nature/B8I.wav,1147,Nature
1209,Urban,Airplane,Urban/HJ9.wav,1209,Urban
1044,Nature,Insects,Nature/O4A.wav,1044,Nature
361,Human,Clapping,Human/ICS.wav,361,Human
322,Human,Brushing teeth,Human/ZT0.wav,322,Human
793,Music,Guitar,Music/YLN.wav,793,Music
233,Effects,Slap,Effects/PWR.wav,233,Effects
427,Human,Crying baby,Human/XA6.wav,427,Human
1374,Urban,Hand saw,Urban/5XN.wav,1374,Urban
572,Human,Sneezing,Human/7A1.wav,572,Human
737,Music,Drums,Music/GLI.wav,737,Effects
1370,Urban,Hand saw,Urban/U78.wav,1370,Urban
192,Effects,Laser,Effects/EB0.wav,192,Effects
5,Effects,Beep,Effects/27U.wav,5,Effects
