index,Category,Event,File,sort_cat,pred
152,Effects,Jump,Effects/3S7.wav,152,Human
432,Human,Crying baby,Human/S3R.wav,432,Human
828,Music,Guitar,Music/CE5.wav,828,Music
1469,Urban,Washing machine,Urban/89K.wav,1469,Urban
1,Effects,Beep,Effects/RTS.wav,1,Effects
1492,Urban,Wood creaks,Urban/Z4D.wav,1492,Urban
1145,Nature,Thunderstorm,Nature/BMZ.wav,1145,Nature
420,Human,Crying baby,Human/Y7B.wav,420,Human
66,Effects,Cartoon,Effects/39L.wav,66,Effects
317,Human,Breathing,Human/GMC.wav,317,Human
211,Effects,Magic,Effects/3YK.wav,211,Effects
638,Music,Bass,Music/07W.wav,638,Music
618,Music,Bass,Music/13K.wav,618,Music
114,Effects,Ding,Effects/7WO.wav,114,Effects
354,Human,Clapping,Human/7DV.wav,354,Human
4,Effects,Beep,Effects/SB2.wav,4,Music
1355,Urban,Glass breaking,Urban/4SF.wav,1355,Effects
224,Effects,Pop,Effects/CUY.wav,224,Human
1235,Urban,Car horn,Urban/U4F.wav,1235,Urban
1095,Nature,Rooster,Nature/LQS.wav,1095,Nature
198,Effects,Magic,Effects/ZR6.wav,198,Effects
1377,Urban,Hand saw,Urban/1W9.wav,1377,Urban
401,Human,Crowd,Human/Z3C.wav,401,Human
904,Nature,Birds,Nature/N61.wav,904,Nature
912,Nature,Birds,Nature/ICB.wav,912,Nature
227,Effects,Slap,Effects/YI3.wav,227,Effects
1029,Nature,Hen,Nature/C4W.wav,1029,Nature
818,Music,Guitar,Music/HRB.wav,818,Music
666,Music,Brass,Music/K4O.wav,666,Effects
108,Effects,Ding,Effects/6QN.wav,108,Music
708,Music,Didgeridoo,Music/1F6.wav,708,Urban
844,Music,Guitar,Music/K7Q.wav,844,Music
1090,Nature,Rooster,Nature/HDG.wav,1090,Nature
920,Nature,Cat,Nature/M1D.wav,920,Nature
1361,Urban,Hand saw,Urban/81X.wav,1361,Urban
676,Music,Brass,Music/VPJ.wav,676,Music
445,Human,Drinking,Human/X9E.wav,445,Human
477,Human,Footsteps,Human/3SX.wav,477,Human
254,Effects,Squeak,Effects/N4R.wav,254,Human
231,Effects,Slap,Effects/PO4.wav,231,Effects
219,Effects,Pop,Effects/6RL.wav,219,Effects
471,Human,Footsteps,Human/4O5.wav,471,Human
1440,Urban,Train,Urban/FBE.wav,1440,Urban
1496,Urban,Wood creaks,Urban/IK7.wav,1496,Urban
1308,Urban,Door knock,Urban/SRH.wav,1308,Urban
501,Human,Kiss,Human/KYE.wav,501,Effects
629,Music,Bass,Music/ILR.wav,629,Music
465,Human,Drinking,Human/51J.wav,465,Human
223,Effects,Pop,Effects/5MN.wav,223,Effects
438,Human,Crying baby,Human/DB1.wav,438,Human
489,Human,Footsteps,Human/JC5.wav,489,Human
1087,Nature,Rooster,Nature/T6B.wav,1087,Nature
1186,Nature,Wind,Nature/UR0.wav,1186,Nature
1253,Urban,Chainsaw,Urban/SZ5.wav,1253,Urban
55,Effects,Boing,Effects/NHM.wav,55,Effects
985,Nature,Dog,Nature/KLF.wav,985,Nature
122,Effects,Ding,Effects/8PW.wav,122,Effects
178,Effects,Keyboard typing,Effects/HSB.wav,178,Effects
80,Effects,Cartoon,Effects/WVT.wav,80,Effects
569,Human,Sneezing,Human/HL8.wav,569,Human
546,Human,Sneezing,Human/LK5.wav,546,Human
1129,Nature,Sheep,Nature/12U.wav,1129,Nature
279,Effects,Whoosh,Effects/TBF.wav,279,Effects
936,Nature,Cow,Nature/S5T.wav,936,Urban
333,Human,Brushing teeth,Human/E1J.wav,333,Human
140,Effects,Hit,Effects/FW6.wav,140,Human
620,Music,Bass,Music/X50.wav,620,Music
1372,Urban,Hand saw,Urban/O7U.wav,1372,Urban
1394,Urban,Helicopter,Urban/6JT.wav,1394,Urban
1296,Urban,Clock tick,Urban/65L.wav,1296,Urban
609,Music,Bass,Music/RUJ.wav,609,Music
1397,Urban,Siren,Urban/I2R.wav,1397,Nature
1069,Nature,Rain,Nature/KJ5.wav,1069,Nature
971,Nature,Crow,Nature/KDL.wav,971,Nature
364,Human,Clapping,Human/NUC.wav,364,Human
2,Effects,Beep,Effects/NUO.wav,2,Urban
309,Human,Breathing,Human/OG0.wav,309,Human
1202,Urban,Airplane,Urban/FLQ.wav,1202,Urban
353,Human,Clapping,Human/R1X.wav,353,Human
483,Human,Footsteps,Human/Y6U.wav,483,Human
408,Human,Crowd,Human/N3B.wav,408,Human
1352,Urban,Glass breaking,Urban/T5D.wav,1352,Urban
943,Nature,Crickets,Nature/7UW.wav,943,Nature
899,Music,Woodwind,Music/G6I.wav,899,Effects
393,Human,Coughing,Human/7SV.wav,393,Human
218,Effects,Pop,Effects/S5Q.wav,218,Urban
1337,Urban,Fireworks,Urban/OJP.wav,1337,Urban
513,Human,Laughing,Human/D7G.wav,513,Human
1370,Urban,Hand saw,Urban/U78.wav,1370,Urban
529,Human,Laughing,Human/264.wav,529,Human
1346,Urban,Glass breaking,Urban/VLR.wav,1346,Urban
742,Music,Drums,Music/1JI.wav,742,Music
530,Human,Laughing,Human/E6R.wav,530,Human
737,Music,Drums,Music/GLI.wav,737,Music
1192,Nature,Wind,Nature/I0B.wav,1192,Nature
968,Nature,Crow,Nature/TDV.wav,968,Nature
303,Human,Breathing,Human/QXV.wav,303,Human
75,Effects,Cartoon,Effects/TQC.wav,75,Effects
458,Human,Drinking,Human/ZIF.wav,458,Human
247,Effects,Smash,Effects/BJD.wav,247,Nature
927,Nature,Cat,Nature/5PB.wav,927,Effects
362,Human,Clapping,Human/94Q.wav,362,Human
1135,Nature,Thunderstorm,Nature/SRD.wav,1135,Nature
322,Human,Brushing teeth,Human/ZT0.wav,322,Human
1262,Urban,Chainsaw,Urban/TN8.wav,1262,Urban
883,Music,Strings,Music/VWM.wav,883,Music
467,Human,Drinking,Human/07M.wav,467,Human
435,Human,Crying baby,Human/YJG.wav,435,Human
443,Human,Drinking,Human/3D9.wav,443,Human
299,Effects,Whoosh,Effects/BGE.wav,299,Effects
554,Human,Sneezing,Human/9JK.wav,554,Human
1182,Nature,Wind,Nature/3WY.wav,1182,Nature
1356,Urban,Glass breaking,Urban/A7L.wav,1356,Urban
1389,Urban,Helicopter,Urban/JR0.wav,1389,Nature
175,Effects,Keyboard typing,Effects/BIH.wav,175,Effects
302,Human,Breathing,Human/J1Y.wav,302,Human
1323,Urban,Engine,Urban/ZRT.wav,1323,Urban
1196,Nature,Wind,Nature/7OU.wav,1196,Nature
1307,Urban,Door knock,Urban/ELK.wav,1307,Effects
1499,Urban,cigarette lighter,Urban/3PK.wav,1499,Effects
678,Music,Brass,Music/XMT.wav,678,Music
689,Music,Cello,Music/L1C.wav,689,Music
1063,Nature,Pig,Nature/PE5.wav,1063,Nature
92,Effects,Click,Effects/QUG.wav,92,Effects
1237,Urban,Car horn,Urban/G0E.wav,1237,Music
442,Human,Drinking,Human/47Z.wav,442,Human
1339,Urban,Fireworks,Urban/Z9H.wav,1339,Urban
563,Human,Sneezing,Human/LZF.wav,563,Human
182,Effects,Kick,Effects/PDC.wav,182,Effects
842,Music,Guitar,Music/63R.wav,842,Music
1164,Nature,Water,Nature/TVE.wav,1164,Nature
831,Music,Guitar,Music/NB9.wav,831,Music
56,Effects,Boing,Effects/2V3.wav,56,Effects
142,Effects,Hit,Effects/AOD.wav,142,Urban
215,Effects,Pop,Effects/2AF.wav,215,Effects
330,Human,Brushing teeth,Human/241.wav,330,Human
1297,Urban,Clock tick,Urban/JVQ.wav,1297,Effects
82,Effects,Cartoon,Effects/IPJ.wav,82,Effects
278,Effects,Whoosh,Effects/FLJ.wav,278,Effects
1490,Urban,Wood creaks,Urban/FUR.wav,1490,Urban
725,Music,Drums,Music/LF2.wav,725,Music
923,Nature,Cat,Nature/G3J.wav,923,Nature
1239,Urban,Car horn,Urban/KO1.wav,1239,Effects
906,Nature,Birds,Nature/J8B.wav,906,Nature
27,Effects,Boing,Effects/Z3J.wav,27,Effects
1404,Urban,Siren,Urban/PIU.wav,1404,Urban
992,Nature,Fire,Nature/7FV.wav,992,Nature
479,Human,Footsteps,Human/AE7.wav,479,Human
937,Nature,Cow,Nature/CLR.wav,937,Nature
1061,Nature,Pig,Nature/VN6.wav,1061,Human
987,Nature,Dog,Nature/5QT.wav,987,Human
587,Human,Snoring,Human/64T.wav,587,Human
795,Music,Guitar,Music/JAR.wav,795,Music
18,Effects,Beep,Effects/ALK.wav,18,Effects
1256,Urban,Chainsaw,Urban/PRQ.wav,1256,Urban
567,Human,Sneezing,Human/LG7.wav,567,Human
1137,Nature,Thunderstorm,Nature/P5K.wav,1137,Urban
1049,Nature,Insects,Nature/4U8.wav,1049,Urban
427,Human,Crying baby,Human/XA6.wav,427,Human
1426,Urban,Train,Urban/EW1.wav,1426,Urban
685,Music,Brass,Music/XAQ.wav,685,Music
161,Effects,Keyboard typing,Effects/BPK.wav,161,Effects
260,Effects,Thud,Effects/NH4.wav,260,Effects
1322,Urban,Engine,Urban/NBW.wav,1322,Urban
820,Music,Guitar,Music/RMO.wav,820,Music
915,Nature,Birds,Nature/GHS.wav,915,Nature
1459,Urban,Vacuum cleaner,Urban/4JY.wav,1459,Urban
891,Music,Ukelele,Music/29G.wav,891,Music
1084,Nature,Rooster,Nature/YIX.wav,1084,Nature
9,Effects,Beep,Effects/07L.wav,9,Urban
39,Effects,Boing,Effects/OGP.wav,39,Effects
724,Music,Drums,Music/KXN.wav,724,Music
315,Human,Breathing,Human/8JN.wav,315,Human
1259,Urban,Chainsaw,Urban/1G4.wav,1259,Urban
186,Effects,Kick,Effects/J8S.wav,186,Effects
58,Effects,Boing,Effects/NJR.wav,58,Effects
794,Music,Guitar,Music/6BE.wav,794,Music
982,Nature,Dog,Nature/ONL.wav,982,Nature
270,Effects,Whoosh,Effects/G3I.wav,270,Effects
1347,Urban,Glass breaking,Urban/E4K.wav,1347,Urban
1197,Nature,Wind,Nature/8QW.wav,1197,Nature
426,Human,Crying baby,Human/4HY.wav,426,Nature
648,Music,Bass,Music/ESO.wav,648,Music
590,Human,Snoring,Human/YFL.wav,590,Human
711,Music,Didgeridoo,Music/PBN.wav,711,Urban
601,Music,Banjo,Music/BJF.wav,601,Music
798,Music,Guitar,Music/DUT.wav,798,Music
446,Human,Drinking,Human/R8P.wav,446,Human
692,Music,Church bells,Music/HYS.wav,692,Urban
1018,Nature,Frog,Nature/DUP.wav,1018,Nature
1120,Nature,Sheep,Nature/NDG.wav,1120,Nature
1247,Urban,Car horn,Urban/A84.wav,1247,Urban
376,Human,Coughing,Human/YUC.wav,376,Human
360,Human,Clapping,Human/E0P.wav,360,Human
19,Effects,Beep,Effects/2L6.wav,19,Effects
1429,Urban,Train,Urban/GKS.wav,1429,Urban
672,Music,Brass,Music/IZF.wav,672,Music
1199,Nature,Wind,Nature/IYU.wav,1199,Nature
40,Effects,Boing,Effects/DGR.wav,40,Effects
787,Music,Guitar,Music/ONV.wav,787,Music
1174,Nature,Water,Nature/QRG.wav,1174,Nature
538,Human,Running,Human/8KL.wav,538,Human
5,Effects,Beep,Effects/27U.wav,5,Effects
682,Music,Brass,Music/ZPK.wav,682,Human
1497,Urban,Wood creaks,Urban/HZ2.wav,1497,Urban
1083,Nature,Rooster,Nature/9AK.wav,1083,Nature
241,Effects,Slap,Effects/9H6.wav,241,Effects
989,Nature,Dog,Nature/JLZ.wav,989,Nature
342,Human,Brushing teeth,Human/3HK.wav,342,Human
980,Nature,Dog,Nature/4WN.wav,980,Effects
1424,Urban,Train,Urban/SUQ.wav,1424,Urban
1493,Urban,Wood creaks,Urban/FHA.wav,1493,Urban
665,Music,Brass,Music/A9C.wav,665,Music
704,Music,Church bells,Music/6C0.wav,704,Music
506,Human,Laughing,Human/RMT.wav,506,Human
1223,Urban,Can opening,Urban/C29.wav,1223,Urban
1286,Urban,Clock tick,Urban/T3E.wav,1286,Urban
644,Music,Bass,Music/QK6.wav,644,Music
381,Human,Coughing,Human/QK3.wav,381,Human
96,Effects,Click,Effects/OEA.wav,96,Effects
1375,Urban,Hand saw,Urban/QA6.wav,1375,Urban
268,Effects,Whoosh,Effects/SNR.wav,268,Effects
897,Music,Woodwind,Music/1FD.wav,897,Music
1100,Nature,Sea waves,Nature/U8Q.wav,1100,Nature
361,Human,Clapping,Human/ICS.wav,361,Human
1267,Urban,Chainsaw,Urban/XS0.wav,1267,Urban
1149,Nature,Thunderstorm,Nature/GBF.wav,1149,Nature
512,Human,Laughing,Human/MVP.wav,512,Human
1003,Nature,Fire,Nature/LDH.wav,1003,Nature
970,Nature,Crow,Nature/0H2.wav,970,Nature
670,Music,Brass,Music/H7T.wav,670,Music
1180,Nature,Water,Nature/ATL.wav,1180,Urban
1055,Nature,Pig,Nature/ZSY.wav,1055,Human
1416,Urban,Toilet flush,Urban/W24.wav,1416,Urban
1154,Nature,Water,Nature/V13.wav,1154,Human
440,Human,Crying baby,Human/HAL.wav,440,Human
1276,Urban,Clock alarm,Urban/VE5.wav,1276,Urban
748,Music,Drums,Music/RY9.wav,748,Music
1220,Urban,Can opening,Urban/D63.wav,1220,Urban
646,Music,Bass,Music/A5K.wav,646,Music
1321,Urban,Engine,Urban/PLQ.wav,1321,Urban
1140,Nature,Thunderstorm,Nature/CGI.wav,1140,Nature
1044,Nature,Insects,Nature/O4A.wav,1044,Nature
45,Effects,Boing,Effects/16B.wav,45,Urban
1126,Nature,Sheep,Nature/RV9.wav,1126,Nature
53,Effects,Boing,Effects/6C3.wav,53,Effects
52,Effects,Boing,Effects/7XP.wav,52,Effects
411,Human,Crying baby,Human/6CD.wav,411,Human
1110,Nature,Sea waves,Nature/3XI.wav,1110,Nature
1362,Urban,Hand saw,Urban/028.wav,1362,Urban
615,Music,Bass,Music/7PG.wav,615,Music
482,Human,Footsteps,Human/LAG.wav,482,Effects
298,Effects,Whoosh,Effects/PCT.wav,298,Effects
1265,Urban,Chainsaw,Urban/WZQ.wav,1265,Urban
572,Human,Sneezing,Human/7A1.wav,572,Human
1451,Urban,Vacuum cleaner,Urban/YRO.wav,1451,Urban
621,Music,Bass,Music/YBP.wav,621,Music
1391,Urban,Helicopter,Urban/UCW.wav,1391,Urban
597,Human,Snoring,Human/BJZ.wav,597,Human
1147,Nature,Thunderstorm,Nature/B8I.wav,1147,Nature
434,Human,Crying baby,Human/RD2.wav,434,Human
986,Nature,Dog,Nature/8IT.wav,986,Human
838,Music,Guitar,Music/VJ4.wav,838,Music
535,Human,Running,Human/RSH.wav,535,Human
319,Human,Breathing,Human/FAT.wav,319,Human
390,Human,Coughing,Human/TVQ.wav,390,Human
1093,Nature,Rooster,Nature/GQJ.wav,1093,Nature
187,Effects,Laser,Effects/14M.wav,187,Effects
781,Music,Guitar,Music/XJO.wav,781,Music
907,Nature,Birds,Nature/WNE.wav,907,Nature
1398,Urban,Siren,Urban/PSM.wav,1398,Urban
1415,Urban,Toilet flush,Urban/OQ8.wav,1415,Urban
558,Human,Sneezing,Human/IHJ.wav,558,Human
1209,Urban,Airplane,Urban/HJ9.wav,1209,Urban
22,Effects,Boing,Effects/1WZ.wav,22,Effects
526,Human,Laughing,Human/8YF.wav,526,Human
1125,Nature,Sheep,Nature/CPF.wav,1125,Nature
1467,Urban,Washing machine,Urban/7T1.wav,1467,Urban
473,Human,Footsteps,Human/5V7.wav,473,Human
491,Human,Footsteps,Human/06X.wav,491,Human
695,Music,Church bells,Music/IYL.wav,695,Music
1000,Nature,Fire,Nature/5KZ.wav,1000,Nature
1211,Urban,Airplane,Urban/A58.wav,1211,Urban
192,Effects,Laser,Effects/EB0.wav,192,Effects
863,Music,Piano and Keys,Music/SVY.wav,863,Music
516,Human,Laughing,Human/BW0.wav,516,Human
977,Nature,Dog,Nature/WVX.wav,977,Nature
1282,Urban,Clock alarm,Urban/L4S.wav,1282,Effects
1443,Urban,Vacuum cleaner,Urban/LDZ.wav,1443,Urban
1411,Urban,Siren,Urban/UTO.wav,1411,Urban
1045,Nature,Insects,Nature/VL1.wav,1045,Nature
681,Music,Brass,Music/WTA.wav,681,Music
1096,Nature,Sea waves,Nature/34S.wav,1096,Nature
220,Effects,Pop,Effects/BGN.wav,220,Urban
536,Human,Running,Human/SHK.wav,536,Human
124,Effects,Ding,Effects/0M8.wav,124,Urban
14,Effects,Beep,Effects/K3B.wav,14,Effects
1445,Urban,Vacuum cleaner,Urban/1PY.wav,1445,Urban
757,Music,Drums,Music/93T.wav,757,Music
674,Music,Brass,Music/JD1.wav,674,Music
191,Effects,Laser,Effects/CQ3.wav,191,Music
487,Human,Footsteps,Human/IF8.wav,487,Human
1324,Urban,Engine,Urban/VTG.wav,1324,Urban
89,Effects,Click,Effects/EFW.wav,89,Effects
1108,Nature,Sea waves,Nature/TSH.wav,1108,Nature
632,Music,Bass,Music/QIY.wav,632,Music
85,Effects,Cartoon,Effects/0W9.wav,85,Effects
1421,Urban,Toilet flush,Urban/V7J.wav,1421,Urban
113,Effects,Ding,Effects/D6H.wav,113,Urban
1105,Nature,Sea waves,Nature/AER.wav,1105,Nature
347,Human,Clapping,Human/M4P.wav,347,Effects
1386,Urban,Helicopter,Urban/GHQ.wav,1386,Urban
1210,Urban,Airplane,Urban/AG1.wav,1210,Urban
1348,Urban,Glass breaking,Urban/4Y5.wav,1348,Effects
1442,Urban,Vacuum cleaner,Urban/2XE.wav,1442,Urban
233,Effects,Slap,Effects/PWR.wav,233,Effects
1064,Nature,Rain,Nature/QXK.wav,1064,Nature
1317,Urban,Engine,Urban/BWX.wav,1317,Urban
412,Human,Crying baby,Human/6DK.wav,412,Human
722,Music,Drums,Music/X4O.wav,722,Music
746,Music,Drums,Music/KNU.wav,746,Music
881,Music,Strings,Music/WCH.wav,881,Music
565,Human,Sneezing,Human/31O.wav,565,Human
461,Human,Drinking,Human/WV0.wav,461,Nature
581,Human,Snoring,Human/GOK.wav,581,Human
1406,Urban,Siren,Urban/6XT.wav,1406,Urban
1482,Urban,Wood creaks,Urban/KEM.wav,1482,Urban
542,Human,Scream,Human/C5K.wav,542,Human
452,Human,Drinking,Human/NGI.wav,452,Human
1109,Nature,Sea waves,Nature/QI0.wav,1109,Nature
1151,Nature,Water,Nature/QO9.wav,1151,Nature
1387,Urban,Helicopter,Urban/KN7.wav,1387,Urban
1331,Urban,Engine,Urban/7DG.wav,1331,Urban
1165,Nature,Water,Nature/5ZO.wav,1165,Nature
308,Human,Breathing,Human/DZ3.wav,308,Human
1184,Nature,Wind,Nature/76L.wav,1184,Nature
8,Effects,Beep,Effects/IMG.wav,8,Urban
1489,Urban,Wood creaks,Urban/N73.wav,1489,Nature
1280,Urban,Clock alarm,Urban/1I7.wav,1280,Urban
1465,Urban,Washing machine,Urban/9GM.wav,1465,Urban
1116,Nature,Sheep,Nature/FXG.wav,1116,Nature
1263,Urban,Chainsaw,Urban/P59.wav,1263,Urban
1146,Nature,Thunderstorm,Nature/VA4.wav,1146,Nature
1115,Nature,Sheep,Nature/E18.wav,1115,Nature
1439,Urban,Train,Urban/TOJ.wav,1439,Urban
1313,Urban,Door knock,Urban/TVA.wav,1313,Urban
583,Human,Snoring,Human/UEL.wav,583,Human
944,Nature,Crickets,Nature/A2U.wav,944,Nature
981,Nature,Dog,Nature/VU1.wav,981,Nature
1374,Urban,Hand saw,Urban/5XN.wav,1374,Urban
1057,Nature,Pig,Nature/P78.wav,1057,Nature
520,Human,Laughing,Human/6IK.wav,520,Human
580,Human,Snoring,Human/UZ2.wav,580,Human
456,Human,Drinking,Human/7D4.wav,456,Human
47,Effects,Boing,Effects/483.wav,47,Effects
785,Music,Guitar,Music/P25.wav,785,Music
1092,Nature,Rooster,Nature/YAL.wav,1092,Nature
295,Effects,Whoosh,Effects/2TK.wav,295,Effects
861,Music,Piano and Keys,Music/0BZ.wav,861,Music
1441,Urban,Train,Urban/OSG.wav,1441,Urban
1390,Urban,Helicopter,Urban/ULO.wav,1390,Urban
924,Nature,Cat,Nature/2E3.wav,924,Nature
871,Music,Piano and Keys,Music/RJA.wav,871,Music
1428,Urban,Train,Urban/DV4.wav,1428,Urban
141,Effects,Hit,Effects/L5S.wav,141,Human
810,Music,Guitar,Music/QH4.wav,810,Music
793,Music,Guitar,Music/YLN.wav,793,Music
1136,Nature,Thunderstorm,Nature/8DI.wav,1136,Nature
771,Music,Drums,Music/U85.wav,771,Music
993,Nature,Fire,Nature/N2T.wav,993,Nature
898,Music,Woodwind,Music/H2P.wav,898,Music
887,Music,TinWhistle,Music/L4G.wav,887,Music
517,Human,Laughing,Human/CJU.wav,517,Human
204,Effects,Magic,Effects/XLO.wav,204,Effects
1101,Nature,Sea waves,Nature/X7M.wav,1101,Nature
1457,Urban,Vacuum cleaner,Urban/7TI.wav,1457,Urban
422,Human,Crying baby,Human/8YD.wav,422,Human
539,Human,Running,Human/2X9.wav,539,Human
840,Music,Guitar,Music/SUZ.wav,840,Music
1379,Urban,Helicopter,Urban/Y0Q.wav,1379,Urban
1335,Urban,Fireworks,Urban/DU5.wav,1335,Urban
54,Effects,Boing,Effects/N9T.wav,54,Human
1054,Nature,Pig,Nature/H4X.wav,1054,Human
312,Human,Breathing,Human/NB0.wav,312,Human
578,Human,Snoring,Human/B35.wav,578,Human
1264,Urban,Chainsaw,Urban/WCY.wav,1264,Urban
946,Nature,Crickets,Nature/GOH.wav,946,Nature
1074,Nature,Rain,Nature/0UV.wav,1074,Nature
824,Music,Guitar,Music/D1K.wav,824,Music
481,Human,Footsteps,Human/HLA.wav,481,Effects
721,Music,Drums,Music/RD8.wav,721,Music
34,Effects,Boing,Effects/UFY.wav,34,Effects
202,Effects,Magic,Effects/Z94.wav,202,Effects
979,Nature,Dog,Nature/XYN.wav,979,Nature
877,Music,Piano and Keys,Music/W7O.wav,877,Music
997,Nature,Fire,Nature/N1V.wav,997,Nature
474,Human,Footsteps,Human/NOX.wav,474,Human
1086,Nature,Rooster,Nature/0DT.wav,1086,Nature
726,Music,Drums,Music/F7W.wav,726,Music
148,Effects,Jump,Effects/QIF.wav,148,Effects
251,Effects,Smash,Effects/DJ6.wav,251,Effects
326,Human,Brushing teeth,Human/218.wav,326,Human
253,Effects,Squeak,Effects/GC4.wav,253,Human
156,Effects,Keyboard typing,Effects/OL8.wav,156,Effects
1351,Urban,Glass breaking,Urban/OCE.wav,1351,Urban
610,Music,Bass,Music/XUA.wav,610,Music
893,Music,Violin,Music/L05.wav,893,Music
61,Effects,Boing,Effects/63J.wav,61,Effects
634,Music,Bass,Music/O6B.wav,634,Music
655,Music,Bass,Music/O6G.wav,655,Music
579,Human,Snoring,Human/K5F.wav,579,Human
259,Effects,Thud,Effects/PJF.wav,259,Effects
1350,Urban,Glass breaking,Urban/UYJ.wav,1350,Urban
649,Music,Bass,Music/D3F.wav,649,Music
511,Human,Laughing,Human/2XU.wav,511,Human
107,Effects,Ding,Effects/GT3.wav,107,Urban
31,Effects,Boing,Effects/B8Q.wav,31,Effects
667,Music,Brass,Music/MQK.wav,667,Music
414,Human,Crying baby,Human/4PM.wav,414,Human
1157,Nature,Water,Nature/KT4.wav,1157,Nature
29,Effects,Boing,Effects/L4R.wav,29,Effects
159,Effects,Keyboard typing,Effects/2T3.wav,159,Effects
310,Human,Breathing,Human/FXU.wav,310,Human
425,Human,Crying baby,Human/9TD.wav,425,Human
1205,Urban,Airplane,Urban/2HF.wav,1205,Urban
1036,Nature,Insects,Nature/PYC.wav,1036,Nature
938,Nature,Cow,Nature/059.wav,938,Nature
801,Music,Guitar,Music/CH9.wav,801,Music
930,Nature,Cat,Nature/YZT.wav,930,Nature
811,Music,Guitar,Music/OX6.wav,811,Music
249,Effects,Smash,Effects/LHO.wav,249,Effects
464,Human,Drinking,Human/WP4.wav,464,Human
713,Music,Drums,Music/2HS.wav,713,Music
688,Music,Brass,Music/TV6.wav,688,Music
1175,Nature,Water,Nature/K0V.wav,1175,Nature
184,Effects,Kick,Effects/MVR.wav,184,Effects
1052,Nature,Pig,Nature/HMO.wav,1052,Human
720,Music,Drums,Music/OLI.wav,720,Music
1417,Urban,Toilet flush,Urban/QRL.wav,1417,Urban
436,Human,Crying baby,Human/0CY.wav,436,Human
1357,Urban,Glass breaking,Urban/6XL.wav,1357,Urban
619,Music,Bass,Music/X2C.wav,619,Music
934,Nature,Cow,Nature/QKA.wav,934,Nature
918,Nature,Cat,Nature/HOD.wav,918,Nature
1058,Nature,Pig,Nature/LA5.wav,1058,Human
574,Human,Snoring,Human/PZG.wav,574,Human
1026,Nature,Hen,Nature/JPA.wav,1026,Nature
1425,Urban,Train,Urban/LIQ.wav,1425,Urban
527,Human,Laughing,Human/84O.wav,527,Human
892,Music,Ukelele,Music/UD1.wav,892,Music
